{"cameraMode":{"drawMode":0,"name":"Shaded","section":"Shading Mode"},"sceneLighting":false,"audioPlay":false,"sceneViewState":{"showFog":true,"showMaterialUpdate":false,"showSkybox":false,"showFlares":true,"showImageEffects":true,"showParticleSystems":true},"in2DMode":false,"pivot":{"x":-3.0295000076293947,"y":0.25,"z":-0.002499908208847046},"rotation":{"x":0.24538864195346833,"y":0.5700013637542725,"z":-0.1834653913974762,"w":0.7623817324638367},"size":2.4860033988952638,"orthographic":true}