{"cameraMode":{"drawMode":0,"name":"Shaded","section":"Shading Mode"},"sceneLighting":false,"audioPlay":false,"sceneViewState":{"showFog":true,"showMaterialUpdate":false,"showSkybox":false,"showFlares":true,"showImageEffects":true,"showParticleSystems":true},"in2DMode":false,"pivot":{"x":-3.0295000076293947,"y":0.25,"z":-0.002499908208847046},"rotation":{"x":-0.19742384552955628,"y":0.7486235499382019,"z":-0.25516757369041445,"w":-0.5792132616043091},"size":2.4860033988952638,"orthographic":false}